{"rawData":{"studyId":"1E60E211-42B6-4556-A1F6-223E85AD38A6","modality":"Breast","stacks":[{"seriesDescription":"US","stackId":"1","imageIds":["wadouri://localhost:8042/instances/a1862117-6f30aebe-b104a727-59eb36c2-bf0f70c4/file"],"seriesIndex":0,"currentImageIdIndex":0,"freehand":[{"visible":true,"active":false,"handles":[{"x":315.4576271186441,"y":123.61342894393741,"highlight":true,"active":true,"lines":[{"x":318.39895697522815,"y":91.25880052151237}]},{"x":318.39895697522815,"y":91.25880052151237,"highlight":true,"active":true,"lines":[{"x":369.1368970013038,"y":86.1114732724902}]},{"x":369.1368970013038,"y":86.1114732724902,"highlight":true,"active":true,"lines":[{"x":399.28552803129077,"y":124.34876140808345}]},{"x":399.28552803129077,"y":124.34876140808345,"highlight":true,"active":true,"lines":[{"x":315.4576271186441,"y":123.61342894393741,"highlight":true,"active":true,"lines":[{"x":318.39895697522815,"y":91.25880052151237}]}]}],"highlight":false}]}],"currentStack":0},"path":"1E60E211-42B6-4556-A1F6-223E85AD38A6.json"}