{
    "studyId": "us2breaststudy",
    "modality": "US",
    "stacks": [
        {
            "seriesDescription": "US",
            "stackId": "1",
            "imageIds": [
                "wadouri://localhost:8042/instances/a1862117-6f30aebe-b104a727-59eb36c2-bf0f70c4/file"
            ],
            "seriesIndex": 0,
            "currentImageIdIndex": 0,
            "freehand": [
                {
                    "visible": true,
                    "active": false,
                    "handles": [
                        {
                            "x": 320.3804065145483,
                            "y": 101.41991057539572,
                            "highlight": true,
                            "active": true,
                            "lines": [
                                {
                                    "x": 334.3198132772218,
                                    "y": 89.80373827316785
                                }
                            ]
                        },
                        {
                            "x": 334.3198132772218,
                            "y": 89.80373827316785,
                            "highlight": true,
                            "active": true,
                            "lines": [
                                {
                                    "x": 355.7451977457754,
                                    "y": 93.93393286951553
                                }
                            ]
                        },
                        {
                            "x": 355.7451977457754,
                            "y": 93.93393286951553,
                            "highlight": true,
                            "active": true,
                            "lines": [
                                {
                                    "x": 381.3007768106767,
                                    "y": 110.45471125490629
                                }
                            ]
                        },
                        {
                            "x": 381.3007768106767,
                            "y": 110.45471125490629,
                            "highlight": true,
                            "active": true,
                            "lines": [
                                {
                                    "x": 382.0751882974919,
                                    "y": 133.17078153481856
                                }
                            ]
                        },
                        {
                            "x": 382.0751882974919,
                            "y": 133.17078153481856,
                            "highlight": true,
                            "active": true,
                            "lines": [
                                {
                                    "x": 365.55440991210116,
                                    "y": 151.49852005611143
                                }
                            ]
                        },
                        {
                            "x": 365.55440991210116,
                            "y": 151.49852005611143,
                            "highlight": true,
                            "active": true,
                            "lines": [
                                {
                                    "x": 342.06392814537367,
                                    "y": 154.85430316564393
                                }
                            ]
                        },
                        {
                            "x": 342.06392814537367,
                            "y": 154.85430316564393,
                            "highlight": true,
                            "active": true,
                            "lines": [
                                {
                                    "x": 320.63854367682006,
                                    "y": 133.4289186970903
                                }
                            ]
                        },
                        {
                            "x": 320.63854367682006,
                            "y": 133.4289186970903,
                            "highlight": true,
                            "active": true,
                            "lines": [
                                {
                                    "x": 317.54089772955933,
                                    "y": 115.87559166261263
                                }
                            ]
                        },
                        {
                            "x": 317.54089772955933,
                            "y": 115.87559166261263,
                            "highlight": true,
                            "active": true,
                            "lines": [
                                {
                                    "x": 320.3804065145483,
                                    "y": 101.41991057539572,
                                    "highlight": true,
                                    "active": true,
                                    "lines": [
                                        {
                                            "x": 334.3198132772218,
                                            "y": 89.80373827316785
                                        }
                                    ]
                                }
                            ]
                        }
                    ],
                    "highlight": false
                }
            ]
        }
    ],
    "currentStack": 0
}