{"rawData":{"studyId":"Anonymized5","modality":"Ecografia Mamaria","stacks":[{"seriesDescription":"US","stackId":"2","imageIds":["wadouri://localhost:8042/instances/a12cba36-662c93c9-0a1bf320-585d3bee-8de13d1f/file"],"seriesIndex":0,"currentImageIdIndex":0,"freehand":[{"visible":true,"active":false,"handles":[{"x":327.09256844850063,"y":171.53976531942635,"highlight":true,"active":true,"lines":[{"x":394.55541069100383,"y":72.38983050847459}]},{"x":394.55541069100383,"y":72.38983050847459,"highlight":true,"active":true,"lines":[{"x":467.1290743155149,"y":127.58670143415905}]},{"x":467.1290743155149,"y":127.58670143415905,"highlight":true,"active":true,"lines":[{"x":327.09256844850063,"y":171.53976531942635,"highlight":true,"active":true,"lines":[{"x":394.55541069100383,"y":72.38983050847459}]}]}],"highlight":false}]}],"currentStack":0},"path":"20180312182132_Anonymized5_undefined.json"}