{"rawData":{"studyId":"Anonymized5","modality":"Ecografia Mamaria","stacks":[{"seriesDescription":"US","stackId":"2","imageIds":["wadouri://localhost:8042/instances/a12cba36-662c93c9-0a1bf320-585d3bee-8de13d1f/file"],"seriesIndex":0,"currentImageIdIndex":0,"freehand":[{"visible":true,"active":false,"handles":[{"x":277.00651890482396,"y":168.47327249022166,"highlight":true,"active":true,"lines":[{"x":371.04563233376786,"y":86.70013037809649}]},{"x":371.04563233376786,"y":86.70013037809649,"highlight":true,"active":true,"lines":[{"x":425.2203389830508,"y":159.2737940026076}]},{"x":425.2203389830508,"y":159.2737940026076,"highlight":true,"active":true,"lines":[{"x":277.00651890482396,"y":168.47327249022166,"highlight":true,"active":true,"lines":[{"x":371.04563233376786,"y":86.70013037809649}]}]}],"highlight":false}]}],"currentStack":0},"path":"20180312182307_Anonymized5_undefined.json"}