{
    "studyId": "usmgbreaststudy",
    "modality": "US",
    "stacks": [
        {
            "seriesDescription": "MLO",
            "stackId": "3",
            "imageIds": [
                "wadouri://localhost:8042/instances/89f90986-52a79581-81d5cfef-f0a594b3-f33df53c/file"
            ],
            "seriesIndex": 0,
            "currentImageIdIndex": 0,
            "freehand": [
                {
                    "visible": true,
                    "active": false,
                    "handles": [
                        {
                            "x": 428.4533333333329,
                            "y": 2224.56,
                            "highlight": true,
                            "active": true,
                            "lines": [
                                {
                                    "x": 556.0266666666662,
                                    "y": 1746.16
                                }
                            ]
                        },
                        {
                            "x": 556.0266666666662,
                            "y": 1746.16,
                            "highlight": true,
                            "active": true,
                            "lines": [
                                {
                                    "x": 1050.373333333333,
                                    "y": 1849.8133333333335
                                }
                            ]
                        },
                        {
                            "x": 1050.373333333333,
                            "y": 1849.8133333333335,
                            "highlight": true,
                            "active": true,
                            "lines": [
                                {
                                    "x": 1050.373333333333,
                                    "y": 2471.7333333333336
                                }
                            ]
                        },
                        {
                            "x": 1050.373333333333,
                            "y": 2471.7333333333336,
                            "highlight": true,
                            "active": true,
                            "lines": [
                                {
                                    "x": 428.4533333333329,
                                    "y": 2224.56,
                                    "highlight": true,
                                    "active": true,
                                    "lines": [
                                        {
                                            "x": 556.0266666666662,
                                            "y": 1746.16
                                        }
                                    ]
                                }
                            ]
                        }
                    ],
                    "highlight": false
                }
            ]
        },
        {
            "seriesDescription": "CC",
            "stackId": "1",
            "imageIds": [
                "wadouri://localhost:8042/instances/3ea91193-d664157d-cdc5e876-fd2b7010-8b9f462f/file"
            ],
            "seriesIndex": 1,
            "currentImageIdIndex": 0
        },
        {
            "seriesDescription": "MLO",
            "stackId": "4",
            "imageIds": [
                "wadouri://localhost:8042/instances/fddde464-e57f3f55-fc5c0b82-5ee8ea9c-afa8acc4/file"
            ],
            "seriesIndex": 2,
            "currentImageIdIndex": 0
        },
        {
            "seriesDescription": "CC",
            "stackId": "2",
            "imageIds": [
                "wadouri://localhost:8042/instances/7aae3a41-051f2909-3e1bc940-1b75e78a-55915f67/file"
            ],
            "seriesIndex": 3,
            "currentImageIdIndex": 0
        }
    ],
    "currentStack": 0
}