{"rawData":{"studyId":"Anonymized5","modality":"Ecografia Mamaria","stacks":[{"seriesDescription":"US","stackId":"2","imageIds":["wadouri://localhost:8042/instances/a12cba36-662c93c9-0a1bf320-585d3bee-8de13d1f/file"],"seriesIndex":0,"currentImageIdIndex":0,"freehand":[{"visible":true,"active":false,"handles":[{"x":244.2972620599739,"y":187.8943937418514,"highlight":true,"active":true,"lines":[{"x":360.8239895697522,"y":112.2542372881356}]},{"x":360.8239895697522,"y":112.2542372881356,"highlight":true,"active":true,"lines":[{"x":458.9517601043024,"y":200.16036505867015}]},{"x":458.9517601043024,"y":200.16036505867015,"highlight":true,"active":true,"lines":[{"x":244.2972620599739,"y":187.8943937418514,"highlight":true,"active":true,"lines":[{"x":360.8239895697522,"y":112.2542372881356}]}]}],"highlight":false}]}],"currentStack":0},"path":"20180312183841_Anonymized5_Ecografia Mamaria.json"}