{"rawData":{"studyId":"7FD9ADFC-B1AC-44AF-953A-E644003C7475","modality":"Breast","stacks":[{"seriesDescription":"US","stackId":"2","imageIds":["wadouri://localhost:8042/instances/5a68f1b9-ff276c38-b6efeaa0-04ae595b-a94c4004/file"],"seriesIndex":0,"currentImageIdIndex":0,"freehand":[{"visible":true,"active":false,"handles":[{"x":217.91333333333333,"y":178.18666666666667,"highlight":true,"active":true,"lines":[{"x":198.5,"y":126.88000000000001}]},{"x":198.5,"y":126.88000000000001,"highlight":true,"active":true,"lines":[{"x":247.72666666666666,"y":112.32000000000001}]},{"x":247.72666666666666,"y":112.32000000000001,"highlight":true,"active":true,"lines":[{"x":272.6866666666666,"y":162.24}]},{"x":272.6866666666666,"y":162.24,"highlight":true,"active":true,"lines":[{"x":217.91333333333333,"y":178.18666666666667,"highlight":true,"active":true,"lines":[{"x":198.5,"y":126.88000000000001}]}]}],"highlight":false}]}],"currentStack":0},"path":"7FD9ADFC-B1AC-44AF-953A-E644003C7475.json"}