{"rawData":{"studyId":"F73F6796-6640-4484-9D83-5B3E3A7C4AE4","modality":"MAMA","stacks":[{"seriesDescription":"MR","stackId":"4","imageIds":["wadouri://localhost:8042/instances/7ba7772c-3e78cf6e-0088d273-a7acd282-5f815fbf/file","wadouri://localhost:8042/instances/05c7376f-de54b4c1-7cac0b03-24476e12-80b2957f/file","wadouri://localhost:8042/instances/7f8e2502-b67b44e6-1c8b54d8-1000fbf9-f947b9e5/file","wadouri://localhost:8042/instances/48d31c15-ddaeb502-29662502-fbd64b96-a10cddf6/file","wadouri://localhost:8042/instances/7e5d1f7c-32abc561-7164acf9-17c2e691-cbabb49d/file","wadouri://localhost:8042/instances/d04dc3b2-3c6dee7c-1a03d6a6-240c03bd-90465846/file","wadouri://localhost:8042/instances/ae81f49f-1b3d47c5-998d1c03-0c69a66c-17b02add/file","wadouri://localhost:8042/instances/eae14979-b9ec3335-03079ccb-b236afaa-6036f7ea/file","wadouri://localhost:8042/instances/04e287d4-d9f2f0c5-59b7226f-d2e9fe02-8d60eb67/file","wadouri://localhost:8042/instances/2fce24ba-b0bcfca6-2f5908bd-6f9352b5-d5401e01/file"],"seriesIndex":0,"currentImageIdIndex":1,"freehand":[{"visible":true,"active":false,"handles":[{"x":141.86666666666667,"y":105.38666666666667,"highlight":true,"active":true,"lines":[{"x":128.64000000000001,"y":74.24000000000001}]},{"x":128.64000000000001,"y":74.24000000000001,"highlight":true,"active":true,"lines":[{"x":153.81333333333336,"y":58.45333333333334}]},{"x":153.81333333333336,"y":58.45333333333334,"highlight":true,"active":true,"lines":[{"x":177.28,"y":86.18666666666667}]},{"x":177.28,"y":86.18666666666667,"highlight":true,"active":true,"lines":[{"x":141.86666666666667,"y":105.38666666666667,"highlight":true,"active":true,"lines":[{"x":128.64000000000001,"y":74.24000000000001}]}]}],"highlight":false}]}],"currentStack":0},"path":"F73F6796-6640-4484-9D83-5B3E3A7C4AE4.json"}